day, ZRTC,ZSTC,ZLFC,ZERC,ZART,ZAST,ZALF,ZAER,TZDMI,TZDMX,SUMZ,SUMTZA
109,528.1840266478664,295.39664122877264,543.9922928168583,83.32353952092228,424056.7229429604,732267.1194471353,24638.371947569358,469038.48188607243,0,0.0,27863241.332399935,1650000.6962237372
109,179.30069004413892,248.84015978631993,1252.6145872807735,88.88445632707264,143952.97700325897,616856.9359878855,56733.12750179896,500341.5685245917,0,0.0,28736118.046800032,1317884.609017535
109,435.4966480168785,345.7997971955405,1844.8547279471436,86.7983559757495,349641.9279899997,857212.9335813103,83556.7297121548,488598.6523274117,0,0.0,29608994.76119996,1779010.2436108766
109,433.80105361659093,300.63428532469345,1290.4626895535732,97.12816341628736,348280.6066161033,745250.8640789468,58447.33491543382,546746.412587509,0,5456.582559667935,30481871.47560005,1698725.2181979928
109,453.65306346508646,277.8448101378234,1093.1644645170336,101.1011385134182,364218.9497227888,688757.3871071584,49511.349760434474,569110.7794740298,0,0.0,31354748.179200083,1671598.4660644117
109,456.3293238107297,326.2524633330691,1307.1966006625817,105.38183472041264,366367.60650652053,808756.492774125,59205.24331135317,593207.3464452395,0,0.0,32227624.893600002,1827536.6890372382
109,445.1836940343644,379.8469016672671,672.5753050662909,107.96329298393674,357419.24949523975,941613.2673607267,30462.123724521385,607738.6934323843,0,0.0,31699498.39200008,1937233.334012872
109,362.4886064326954,339.6434772797289,1775.335350934438,108.1466910426626,291026.8444193025,841951.8573808701,80408.07431570972,608771.0637270239,0,0.0,30826621.677599974,1822157.8398429062
109,420.1868485071909,376.77144157124945,726.5658698847326,115.579597671896,337350.33437594265,933989.4220247829,32907.45178379954,650611.811988818,0,0.0,29953744.963200048,1954859.0201733431
109,197.21985531796912,345.0911004110138,3377.6942584811823,118.92736755184015,158339.52055725348,855456.1250041779,152981.73993366884,669456.8215889999,0,0.0,29080868.25960003,1836234.2070841002
109,220.06897535997143,341.01562810233577,724.0653546604931,124.82900668310154,176684.11728547217,845353.3210066505,32794.1990319336,702677.8762235217,0,0.0,28207991.54519993,1757509.513547578
109,402.7178189995703,430.86791166093235,1696.5767285367363,125.32090933746498,323325.18588175275,1068090.6973813686,76840.9571739122,705446.8569409145,0,8786.185368434875,27335114.830800056,2173703.697377948
109,201.30647477326374,379.3727463614509,1103.9051419795196,133.48528777138313,161620.4953060081,940437.8703131627,49997.81401697625,751405.1502180118,0,0.0,26462238.11639997,1903461.3298541587
109,188.20064598855518,333.7365750971653,895.9023210542829,138.3302260369649,151098.37701862524,827309.0698796677,40576.99880365301,778677.905336025,0,0.0,25589361.40200003,1797662.3510379712
109,500.0801573773152,368.3669315786443,905.8768924932531,139.87844021150573,401493.30923936376,913155.2436229935,41028.76476500219,787392.9938960688,0,1371.4762372690893,24716484.698400017,2143070.311523428
109,433.94754251582503,441.4960929179787,2900.510369200629,140.55696614909812,348398.2163873624,1094437.1976045447,131369.23860464693,791212.5000946592,0,0.0,23843607.98399994,2365417.1526912134
109,183.82006279453265,368.34579311054097,762.481131004777,147.95641803168004,147581.3911574177,913102.8428743485,34534.117407107624,832864.9274609234,0,0.0,22970731.269599993,1928083.2788997972
109,396.0637312865956,423.92789487304987,1415.9079805341632,153.3302998591827,317982.898937471,1050886.8927577347,64128.9737530844,863115.1711339506,0,0.0,22097854.555200025,2296113.9365822407
109,291.9674526724768,379.5167667326687,3297.991086806435,153.42662981558985,234408.37840565265,940794.8864997202,149371.8424864921,863657.4243408251,0,0.0,21224977.84079997,2188232.53173269
109,225.897381116703,397.38754060980256,1386.7409997652778,160.16410344545366,181363.49894127002,985095.255166286,62807.94966825727,901583.4944678061,0,0.0,20352101.12640001,2130850.1982436194
109,276.16223432313353,429.33948746653067,3356.399984409583,160.04902259052548,221719.03385815313,1064301.8432580712,152017.28464292784,900935.6901402413,0,0.0,19479224.42279998,2338973.8518993934
109,275.8661727009383,430.59154647918575,733.1838429928408,166.55089259821796,221481.33844336736,1067405.607887083,33207.19147704456,937535.5184164143,0,0.0,18606347.70840003,2259629.656223909
109,257.23568982331807,386.3807289013158,764.8747389420869,171.17930618677872,206523.7079257075,957810.1571687482,34642.52813908825,963589.4294192503,0,0.0,17733470.994000033,2162565.8226527944
109,257.5904052324528,389.67744247901175,695.6145197972357,172.00088083608162,206808.49399720173,965982.4740412073,31505.61046030138,968214.1744610564,0,0.0,16860594.27960002,2172510.752959767
109,245.47888161559925,416.8635629323598,1171.7768153348038,180.1085885712258,197084.66147730377,1033374.9197728379,53071.84200397644,1013853.4613844488,0,0.0,15987717.565200033,2297384.884638567
109,272.7559729026026,377.06230495484476,1204.8873820318881,182.01117805968883,218984.28993822692,934710.4515231956,54571.47806215165,1024563.3722986031,0,0.0,15114840.86160001,2232829.591822177
109,147.10292447453267,356.2051483215825,2027.2676071839753,185.06743969381046,118102.7462793457,883007.0538672,91818.53125973149,1041767.4460256333,0,0.0,14241964.147199998,2134695.7774319104
109,159.93851133987576,372.99895020220526,1112.8295029595772,193.33721402260613,128407.89870455503,924637.6860793163,50402.0140913605,1088319.0257955345,0,0.0,13369087.432799984,2191766.6246707663
109,223.66682540743128,334.5284639340796,2474.377292092692,194.5591557130385,179572.67964970882,829272.1055970591,112068.91874426557,1095197.4862969609,0,0.0,12496210.71839998,2216111.190287994
109,214.4918792111226,362.74192750746556,702.4069998985533,199.50985693480052,172206.50153584755,899211.2613524216,31813.253883549416,1123065.594141128,0,0.0,11623334.004000003,2226296.6109129465
109,216.7897503292922,334.9465469149975,734.1412987438099,199.64007433398075,174051.36553580698,830308.5033666923,33250.55633942811,1123798.6039433738,0,0.0,10750457.296080008,2161409.029185301
109,242.1859134563578,305.48790972666495,452.08038301764196,198.90095431196136,194440.87594818475,757282.6513901554,20475.51918302306,1119638.0061692894,0,0.0,9877580.583839988,2091837.0526906527
109,183.7877354484211,288.6319179999568,2040.1159412339703,196.5002182622154,147555.4368919309,715497.8550031779,92400.45500646548,1106123.9668155091,0,0.0,9004703.871599995,2061577.7137170834
109,104.73091986119869,288.3231434843209,444.4021380880451,187.60484899387666,84084.04727610314,714732.4250911016,20127.757905927843,1056050.835964053,0,0.0,8131827.15935999,1874995.0662371856
109,197.6037490167662,278.11492936002054,876.1860441741071,183.98653693532032,158647.7326493599,689426.9933150111,39684.013793369835,1035682.9110692014,0,0.0,7258950.4460400045,1923441.6508269424
109,191.264478751138,269.0118398024552,471.5920149683542,185.25311734580922,153558.19938241725,666861.0861988729,21359.235462929202,1042812.6484319929,0,0.0,6386073.733800002,1884591.1694762122
109,101.59531922275711,264.57454112929236,475.6056234345607,178.4892599723466,81566.60550560094,655861.3405551603,21541.01888072406,1004738.0609578707,0,0.0,5513197.021559999,1763707.025899356
109,101.43038765711407,264.3756803891957,626.6214802189477,180.427033141316,81434.18889376146,655368.3790214205,28380.79381607823,1015646.0251494874,0,0.0,4640320.309319994,1780829.3868807475
109,100.71918302372018,249.18735353212915,405.90177610845524,173.48344442825467,80863.19262927213,617717.6044202556,18384.008497903516,976559.7077949806,0,0.0,3767443.5970799928,1693524.5133424117
109,97.19840032271865,231.62963673642548,350.5923772179191,152.92675698547805,78036.50439362743,574193.2818396839,15878.948113674342,860843.5785210269,0,108931.22847973718,2894566.884839997,1528952.3128680126
109,90.4284328203305,166.27816773258618,303.8218233493596,103.21928309090048,72601.18244397859,412191.6701760678,13760.627105043157,581034.0765729011,0,499041.09374135925,2021690.1726000041,1079587.5562979905
109,78.30134584287812,97.86598134294016,210.66085274144632,57.48098294454653,62864.85475694083,242602.7592993551,9541.202169905158,323567.5432494026,0,874288.6342965155,1148813.4603599978,638576.3594756038
109,70.73235689709507,71.46896504143798,162.1376233359954,41.87717600211133,56788.03212239323,177166.44625025024,7343.499389966647,235731.7892475525,0,980752.3963107883,804063.2520959984,477029.7670101626
109,89.04730809814734,134.9790228668088,280.794871684924,86.24571688662637,71492.335538135,334603.3314709188,12717.695785209055,485487.7787269433,0,538441.434090621,1676939.9641199983,904301.1415212061
109,100.20729366451934,193.9455953551138,338.6830881358951,137.76848975828088,80452.21820895556,480777.2419123757,15339.555372437804,775515.8225333842,0,66977.77595051029,2549816.6763600004,1352084.8380271532
109,109.88689001261834,204.97324185443074,358.6393678698776,144.83630447320002,88223.55868821254,508113.9878643454,16243.410535954128,815301.4233755724,0,3473.7989146960317,3422693.388600004,1427882.3804640844
109,120.26891577708525,191.35714881104263,384.3624037440371,140.75396121376943,96558.85017957064,474360.66829533875,17408.45227249502,792321.4096129506,0,0.0,4295570.101920011,1380649.3803603551
109,126.98648446310791,194.88595629565393,389.87427380418137,138.6105945783818,101952.10332510388,483108.3293421635,17658.094604678252,780256.134439,0,4075.7213420014596,5168446.814160013,1382974.6617109457
109,134.3199235568038,157.5020360361768,395.3856912270039,134.53932461517348,107839.81289805491,390436.2681833913,17907.716436117567,757338.4536266996,0,0.0,6041323.526400014,1273522.2511442634
109,139.12714013894293,150.1215066876886,412.3028152256344,129.33892045028395,111699.32474894632,372140.46446832153,18673.922867468118,728064.7371149169,0,0.0,6914200.238640014,1230578.4491996528
109,158.0440974288882,157.9301008461042,423.6087365361552,128.83890037338358,126886.95351412708,391497.410192313,19185.98801643585,725250.0624247831,0,0.0,7787076.950880014,1262820.4141476592
109,149.39394196570774,166.15856203488735,406.50436425722233,125.0073289504784,119942.10779067062,411895.1762167626,18411.30077968134,703681.674262561,0,0.0,8659953.66312001,1253930.2590496754
109,148.81709753664364,135.79829082212964,520.4348960124456,118.42820117179556,119478.9836788165,336634.2380621468,23571.41583027193,666646.9524637705,0,0.0,9532830.375360014,1146331.5900350057
109,152.01562214062085,135.3772189687781,406.7702859953994,112.57219091057958,122046.94445268379,335590.431091792,18423.344844975396,633682.748367036,0,0.0,10405707.087599995,1109743.4687564871
109,162.75938882091327,157.7886236248745,544.4015495197467,109.83485337034908,130672.6624991441,391146.6982924541,24656.907906627872,618273.937703669,0,11139.182127669803,11278583.801999994,1164750.206401895
109,171.54473811600917,114.82113941395484,483.85650554798843,109.91041285123484,137726.04965973567,284633.3819522962,21914.715907484362,618699.2713418044,0,0.0,12151460.516399967,1062973.4188613207
109,142.9108714047376,112.5038393051419,441.2750937498464,102.51803324970945,114737.1233193666,278888.9609307287,19986.1285436769,577086.6547179702,0,0.0,13024337.219999988,990698.8675117424
109,177.27498647045087,124.6842531388875,463.78691735318915,101.67712714944986,142326.6248688263,309083.3345519348,21005.72880360919,572353.0905542028,0,0.0,13897213.9344,1044768.778778573
109,199.65922674327143,121.04575245409292,1260.5623902416291,100.28880318514044,160297.98919785104,300063.75191728486,57093.09753832571,564538.0437099405,0,0.0,14770090.648800012,1081992.882363402
109,210.87820928997854,114.85781085677522,520.8446004909447,94.40051410659747,169305.23806091188,284724.2878329059,23589.97206987888,531392.1381688941,0,0.0,15642967.36320002,1009011.6361325907
109,247.46528404248406,193.03755418639523,580.6583048252003,84.37023565801357,198679.46037521193,478526.2728824266,26299.04040486993,474930.4635512781,0,1498.0220677754842,16515844.077600034,1178435.2372137867
109,223.69743085040218,201.76617849659576,579.6480762125645,82.47916164917056,179597.25147164147,500163.9074668249,26253.28536635402,464285.3746923343,0,8180.24990537524,17388720.781200033,1170299.8189971547
109,239.7706294052027,181.50087258502,541.8048292966598,83.25344037491021,192501.74604641652,449927.6653658462,24539.297860410305,468643.885146471,0,0.0,18261597.495600037,1135612.594419144
109,251.1650595156961,178.9684210813908,576.863588420715,75.97829526184,201649.854373592,443649.89944410726,26127.170995240762,427691.19591897476,0,0.0,19134474.20999998,1099118.1207319149
109,227.0069051176287,169.91818045346986,564.0439389945403,74.53190763085996,182254.289060095,421215.0010399016,25546.546425793284,419549.30153289525,0,0.0,20007350.92439996,1048565.1380586852
109,278.0453468090141,185.60721494481004,848.0538246327683,74.97925637192093,223230.9056100565,460106.99400939175,38409.85587252676,422067.48277660244,0,0.0,20880227.638800014,1143815.2382685775
109,286.9035806620344,230.5574162874791,1201.4209997009687,74.47532405690174,230342.80871438593,571535.324131376,54414.479482742674,419230.78561552486,0,0.0,21753104.35319997,1275523.3979440294
109,277.54807552354663,220.92902712066208,1057.8149837615254,74.50253603057888,222831.66742584392,547667.2369020404,47910.3093293325,419383.96517193876,0,0.0,22625981.056799997,1237793.1788291556
109,287.90851268308853,243.87044014021643,1222.6005168215538,72.0028549867205,231149.6263350043,604537.3568803706,55373.73722844491,405312.9522414771,0,0.0,23498857.77119995,1296373.6726852967
109,294.7054680934516,264.13106843633824,1242.8235779873683,77.47638487861842,236606.61574000496,654762.0035076159,56289.67539429964,436124.12716053106,0,0.0,24371734.48560002,1383782.4218024516
109,165.58034669470072,223.6835414683347,624.5804197749528,68.13643514664052,132937.49083768827,554495.4807116372,28288.35058287318,383548.39804044086,0,0.0,25244611.199999966,1099269.7201726395
109,404.54260247940414,293.88761120525623,710.277646843806,72.17156958252637,324790.227729856,728526.342084593,32169.729387827236,406262.6675121413,0,0.0,26117487.91440003,1491748.9667144176
109,513.845897818196,261.6224757057232,1765.5700137943707,73.68513664372054,412545.24281882256,648543.3817755873,79965.78494538697,414782.72319745,0,0.0,26990364.61800006,1555837.1327372468
109,156.5393917710047,149.22030082023048,519.7384834528611,158.66256052955987,125678.88867671537,369906.4396607025,23539.87407517986,893131.1241795664,0,30771.205521066324,5584516.449119994,1412256.326592164
109,164.75714269898165,154.90896430381875,281.0294852638816,161.14396037163473,132276.57499940807,384008.2290558134,12728.321848663698,907099.2299702101,0,39582.62031942501,6457393.161359989,1436112.3558740953
109,175.71494629843548,133.02187289342757,322.3470041622808,162.95960148887772,141074.13427913026,329751.6968437533,14599.665270273912,917319.6977777227,0,52025.96225562948,7330269.873599985,1402745.1941708801
109,181.48105275246652,134.52189274563662,322.5748955113905,166.93803197239023,145703.49844706032,333470.1386368675,14609.986872063384,939714.7737071055,0,53378.99274026905,8203146.585839981,1433498.397663097
109,176.66433454240305,144.11623450929548,782.2759403049273,176.72627043682687,141836.35813904615,357253.8247920014,35430.65928942525,994813.9753984284,0,23197.305734891328,9076023.299160002,1529334.8176189011
109,216.28225995833785,135.38472308425463,643.3556465368432,177.57666704590704,173643.92287799355,335609.03325666813,29138.713770858918,999600.9628069971,0,41613.906116107595,9948900.011400009,1537992.6327125179
109,202.00095787785267,153.4170886140551,417.29664180063577,183.88201854441164,162178.06655885399,380309.9760581757,18900.10209504398,1035094.5641544778,0,30529.96263308311,10821776.720399998,1596482.7088665515
109,196.43697980765754,136.0280469553094,550.1434523638685,189.82923616830342,157710.98276242093,337203.7870628362,24916.968829968762,1068572.1857461035,0,19485.765200585127,11694653.434799973,1588403.9244013294
109,210.97569266046293,179.977059532818,817.7141845976689,195.03385600216063,169383.5033558535,446150.24193384533,37035.71997793642,1097869.632778506,0,17853.64649630827,12567530.149199983,1750439.0980461412
109,222.80371744083706,153.80492372719664,1221.0387569486388,199.96067015229727,178879.72659283056,381271.39152972354,55303.00236482686,1125603.2773500339,0,12206.092097231187,13440406.86359999,1741057.3978374149
109,197.97486613966356,169.45642350181535,596.4204816576218,199.70981902067217,158945.6869664616,420070.33862442453,27012.93723875634,1124191.205387737,0,1140.2739695908967,14313283.578000002,1730220.1682173794
109,258.8335833996954,166.42332314609564,551.9907124540425,193.272029990149,207806.58942045958,412551.5000511828,25000.634502785437,1087952.096836411,0,15100.53514122963,15186160.281600023,1733310.8208108386
109,270.7579281326584,216.14123571118867,1382.5186443849784,191.42754462073185,217380.14389311994,535798.6448647544,62616.711733955024,1077569.261175484,0,9296.806113020051,16059036.996000012,1893364.7616673135
109,173.82323376301778,218.89292104741963,556.0711564280151,187.06659905829594,139555.35790944242,542619.8757575805,25185.445018797287,1053020.9606837707,0,9972.336692701676,16931913.710400026,1760381.639369591
109,304.5026749830432,215.84313058392166,1355.4483096878826,183.4976854151893,244472.3807726234,535059.6636023805,61390.64845361222,1032931.1055627589,0,9763.445619893842,17804790.42480004,1873853.7983913752
109,413.24303809921037,192.07237659791465,688.915623077683,178.35687666025598,331775.44127470057,476133.6667595823,31202.205593736002,1003992.858964688,0,0.0,18677667.139200035,1843104.172592707
109,278.56754593059117,268.729879263232,1590.6672115830802,177.84177928528635,223650.1573046317,666162.1262141018,72044.12805344876,1001093.312303944,0,3762.965274411952,19550543.84279997,1962949.723876126
109,370.5018747580482,277.10848216389024,582.578906027759,169.94584056111714,297460.3602673256,686932.0827902323,26386.027826229452,956646.0992649463,0,0.0,20423420.557199996,1967424.5701487334
109,395.26150856703487,291.8307631903204,807.0160262917734,169.93601668115951,317338.8280826851,723427.5631520622,36551.181489110124,956590.7994328935,0,6355.192986030015,21296297.271599974,2033908.372156751
109,435.8720328571514,317.49372382334747,1720.906985617085,165.08903146849752,349943.3086777476,787044.2047667454,77942.91749842626,929306.5217972756,0,2047.2888213355327,22169173.98600003,2144236.952740195
109,236.28772534503548,271.4372995829217,838.0413346927747,157.5328811555574,189705.46897712926,672873.6273008605,37956.37251528017,886772.0196378409,0,0.0,23042050.7004,1787307.4884311107
109,442.45032673766497,314.0834299524845,1813.3027579501013,158.03949465219003,355224.74394422164,778590.3304813197,82127.68525191022,889623.8095009433,0,0.0,23914927.40400002,2105566.569178395
109,444.11660730512466,305.4441586106764,1204.1447104728832,154.35373662425758,356562.5304756034,757174.1955067567,54537.841155255606,868876.2229250423,0,0.0,24787804.11839997,2037150.790062658
109,467.1035314874124,353.04880778886496,1927.3003998871322,150.7400287411707,375017.76434767566,875182.7117207458,87290.83984119039,848534.2155018314,0,28292.70329394692,25660680.832800034,2186025.5314114434
109,189.43089741022817,268.36696836753634,653.1954715194879,149.50680687085259,152086.09410197122,665262.496092711,29584.37682716072,841592.2574764229,0,0.0,26533557.547199972,1688525.224498266
109,194.9849344469797,381.815496028042,661.2987276618431,145.2541746740408,156545.1966610853,946493.2718046773,29951.38761289806,817653.6662802149,0,9837.909490761347,27406434.261600062,1950643.5223588757
109,199.99305513420117,385.96220315063374,646.6518713270505,135.90433714215874,160566.0059615942,956772.6618045776,29288.005614652127,765022.2775148083,0,27963.330730893533,28279310.96520003,1911648.9508956322
109,204.29930519794587,291.90232142126973,2102.3621488101076,144.13226345929658,164023.31288129385,723604.9508821056,95219.69571049287,811338.2896651535,0,0.0,29152187.679599963,1794186.2491390458
109,207.15404450126812,404.9607155334166,829.3640125446561,143.85571210637187,166315.2629077008,1003868.6134662176,37563.361266008294,809781.5479870497,0,38315.19295156235,30025064.394000053,2017528.7856269765
109,208.8806969581203,353.5763148226683,2146.2242020588774,130.988562169083,167701.519487933,876490.3638813271,97206.28558795483,737350.7738326341,0,0.0,30897941.10839998,1878748.9427898491
109,248.38677622606608,336.817942490512,2207.3380957308473,139.8695945813605,199419.28766243102,834947.5589826525,99974.24179493941,787343.2007528766,0,0.0,31770817.822800085,1921684.2891928996
109,190.99057715640825,393.60542980355626,731.1360158358,126.85154556491655,153338.29532093494,975719.6733248697,33114.441767451724,714062.9970685604,0,0.0,32156305.473600075,1876235.4074818168
109,178.14791098766867,324.0809393180057,2187.770932071275,131.7897258633947,143027.45922100698,803373.440249539,99088.0103858378,741860.6230911121,0,0.0,31283428.75919997,1787349.5329474958
109,167.30602866428214,409.9995810191764,1317.0240825354736,144.46479745784262,134322.96825454003,1016359.6001585184,59650.34732640918,813210.164560895,0,0.0,30410552.044800043,2023543.0803003625
109,161.38057035503147,351.70878654583294,5459.7278057207495,133.1027926080684,129565.6671894111,871860.8950218448,247280.7173669314,749252.0377630992,0,0.0,29537675.330399953,1997959.3173412865
109,154.58241075165472,420.59603992618617,1465.8376266388925,128.35298116538303,124107.71098852606,1042627.4629476779,66390.37562988081,722514.7632650225,0,0.0,28664798.616000026,1955640.3128311075
109,144.92771559122716,452.8037866476943,1985.2620467021518,134.77086390435818,116356.36262472237,1122468.160585727,89916.02521932751,758641.8168457921,0,67688.37119999586,27791921.90159993,2087382.365275569
109,134.45935384514328,459.2299276689944,1964.065021053572,140.06863667493798,107951.75560773411,1138398.103984048,88955.97448146218,788463.6332493809,0,64211.48209154699,26919045.197999965,2123769.467322625
109,450.82258651775396,423.2074040070212,726.6917708306521,129.08923380780993,361946.4789207673,1049100.8474971652,32913.15406005432,726659.2202056907,0,0.0,26046168.48360004,2170619.7006836776
109,153.97919241177104,454.8004083255596,3496.3122256320453,124.33991029519323,123623.41237379209,1127417.6427416322,158354.1572140575,699924.6923261564,0,0.0,25173291.76919996,2109319.904655638
109,502.5964953902805,485.32440111480736,930.9719850891349,118.20863359142153,403513.5711135576,1203084.4349598181,42165.36584115786,665410.9794702784,0,5614.137716963189,24300415.054800015,2314174.351384812
109,305.66617263927134,394.3113004433872,1188.0487015322908,122.224104063243,245406.50406745917,977469.4760916892,53808.82447544902,688014.558062719,0,0.0,23427538.340399943,1964699.3626973163
109,125.63252503287886,373.3611381203867,1116.180276446399,112.33446139547819,100865.06628874263,925535.5239912238,50553.77654198801,632344.5396026967,0,0.0,22554661.63680003,1709298.906424651
109,261.0786162560852,452.41657651571415,4166.768309216191,110.24496124585504,209609.03180407718,1121508.2943977215,188720.29765387825,620582.4855215222,0,16752.745276900358,21681784.922399964,2140420.1093771993
109,203.15288711228553,352.08658957117,1459.3445259726018,105.39268008212471,163102.9020547624,872797.4416661505,66096.29163012285,593268.3963240874,0,0.0,20808908.208000008,1695265.0316751231
109,122.98701930943413,366.609749026523,549.3968216264957,100.39797972939708,98741.10109666623,908799.3139129189,24883.152604890234,565152.611944441,0,0.0,19936031.493599962,1597576.1795589165
109,245.3412785685913,349.00975099921635,614.6159657430368,115.06346516043025,196974.18578277834,865170.1791870777,27837.0428567627,647706.4384170538,0,0.0,19063154.779199973,1737687.8462436725
109,124.10926121705866,316.9233358053649,790.1038683357026,100.10803067500466,99642.10188746407,785630.253717208,35785.19997860001,563520.4529521747,0,0.0,18190278.075600035,1484578.0085354468
109,141.98143947986725,318.4194614269667,525.9263852785199,102.61009571943903,113990.92154806264,789339.0419915234,23820.135080287433,577604.8857159441,0,0.0,17317401.361200012,1504754.9843358174
109,180.74132949927878,346.4892190410043,599.4129119611273,96.22768708825627,145109.60578312972,858921.9609648366,27148.46969356957,541677.5202636538,0,0.0,16444524.646800028,1572857.5567051899
109,125.73946957150767,317.49434547790423,719.5001354013673,103.81870911618985,100950.92755735273,787045.7458038733,32587.43218686284,584408.3196081977,0,0.0,15571647.932400022,1504992.4251562865
109,145.26060514116872,343.2761084093875,475.910942104881,108.44506428197063,116623.62563255335,850956.8898086728,21554.847302672715,610450.6434952997,0,0.0,14698771.218000008,1599586.0062391986
109,113.01959488580334,326.74596937772907,500.4538403597938,95.21914283995827,90738.67557067731,809979.8589175234,22666.43852163043,536000.3002864846,0,0.0,13825894.51439998,1459385.2732963157
109,155.25099410274936,317.8619075371826,496.40085134052987,106.54258381169151,124644.48841945057,787956.9058267031,22482.871489018704,599741.34625795,0,0.0,12953017.799999975,1534825.6119931224
109,110.55908688367647,306.5000344069098,750.5221120993251,106.75008511294203,88763.23726221731,759791.635991474,33992.47231431633,600909.3966778854,0,0.0,12080141.085599996,1483456.742245893
109,123.82040184060511,281.79400495742044,641.192075167144,97.71434596417325,99410.18885263104,698547.1582523294,29040.721801403375,550046.1064549241,0,0.0,11207264.37119999,1377044.1753612878
109,133.38341918436865,279.8317364253826,493.9786806926349,106.64662833129765,107087.93295629106,693682.8350848081,22373.167101417366,600327.0256926597,0,0.0,10334387.660040008,1423470.960835176
109,101.07803500177704,267.6115256947337,586.5260557852181,104.80738178757134,81151.29977783958,663389.8078061431,26564.801211700513,589973.6800277533,0,0.0,9461510.94779999,1361079.5888234365
109,87.33207276434696,266.77093405446755,370.56489163994615,112.2343401985217,70115.24528543736,661306.0413269828,16783.538574892078,631780.945035122,0,0.0,8588634.235559992,1379985.7702224343
109,100.04626463382543,252.69599060963267,358.92608740013645,109.8294904898708,80322.93477816324,626415.2644723181,16256.396569992534,618243.7493879477,0,0.0,7715757.523319991,1341238.3452084216
109,81.60855777212302,228.4382492901062,697.9624546747509,112.37567814874012,65520.076009454126,566282.060904216,31611.952578718792,632576.5537908769,0,0.0,6842880.811079992,1295990.6432832656
109,76.86105116293635,220.7028565122305,335.45070786947997,115.11610173188116,61708.50278256453,547106.5761604325,15193.155159913596,648002.7361704494,0,0.0,5970004.098839994,1272010.9702733601
109,72.32360877726165,218.73813238257122,667.4621441449881,121.30382971189746,58065.581278816564,542236.1657422597,30230.539633587865,682834.220223549,0,0.0,5097127.386599994,1313366.506878213
109,144.07857358979743,219.665744622052,527.2637205561048,123.42170066828666,115674.62225342641,544535.6500550905,23880.70535751898,694755.9770755364,0,0.0,4224250.674359995,1378846.9547415725
109,135.62581971110868,209.03594332214234,399.56835309601564,128.9270020524615,108888.26195323154,518185.1338616719,18097.15658117183,725745.997643617,0,1468.0304448318202,3351373.962119996,1370916.5500396923
109,97.429756675757,185.91830816526544,315.456118174905,121.19379560594346,78222.25067134833,460878.17182466685,14287.56487060443,682214.8246684743,0,64353.846896553645,2478497.2488000016,1235602.812035094
109,76.16339943473845,159.67799994490264,191.61585384030548,74.27566402704934,61148.3875751951,395830.3268864135,8678.620525158709,418106.8746795069,0,408281.5613440321,1605620.536560003,883764.2096662743
109,53.25788302137014,84.46103109345087,95.7893993017782,34.0422226600684,42758.51257421395,209372.8475959123,4338.471114012652,191627.87044706428,0,838722.4619241573,732743.8246440007,448097.7017312032
109,73.70114128150838,127.60346610776935,148.8186001606305,56.17709176282713,59171.54414408081,316319.8544489918,6740.257301234673,316227.77895308705,0,600045.4091011091,1220132.887920002,698459.4348473945
109,99.55946636021696,161.46639913543453,221.50823521535744,100.43107620887942,79932.1049343476,400263.6404075993,10032.499284917309,565338.9161098836,0,268367.1613535823,2093009.6001600057,1055567.1607367478
109,106.78918884488586,160.97909270813506,366.59707085550383,149.83278315030552,85736.54480749747,399055.642671666,16603.828962091924,843427.2181624974,0,13061.953925069189,2965886.3124000067,1344823.2346037528
109,144.45098685129886,158.3735424880469,221.1773563500201,153.31493907478063,115973.6171856569,392596.6702666237,10017.5131965822,863028.703383805,0,15855.242466339492,3838763.0246400074,1381616.5040326677
109,146.63638533467605,147.4830863687999,359.14401197532976,156.74355769121865,117728.1816412823,365600.00944227015,16266.26675898423,882328.820494368,0,18621.964445312857,4711639.736880002,1381923.2783369047
109,110.64414196524979,110.13957157715534,192.53535947565067,72.0900047153001,88831.52440711742,273028.11054470914,8720.266559763739,405803.52881353325,0,886769.5457476247,1516738.0561199978,776383.4303251235
109,72.63104194687949,51.84049950351065,98.87474471106978,32.32110508298136,58312.40643038259,128508.8858296702,4478.211858108899,181939.4873065277,0,1278372.3031482392,643861.343772001,373238.9914246894
109,108.34192005597545,101.24133890154926,161.81762568521327,59.728022821247144,86983.16734011125,250970.02896858804,7329.00613106128,336216.40788675373,0,979284.9478542744,1309015.368360001,681498.6103265143
109,131.28479069803257,171.01789930743163,209.71769301394184,99.06507601501785,105403.0324790115,423941.1253250069,9498.484799679387,557649.5325230998,0,575210.1795853837,2181892.0806000032,1096492.1751267975
109,141.042355719666,240.28057571209163,244.6371768923464,139.8885936477033,113236.97072443165,595638.3400430301,11080.049912593466,787450.1488408467,0,176741.58411551896,3054768.7928400044,1507405.5095209018
109,145.63719970514802,267.38852297094303,336.7080993035815,160.01639669481688,116925.97755654604,662837.0000236991,15250.104639246589,900752.0349489073,0,0.0,3927645.505080004,1695765.117168399
109,194.62086255640733,274.2729318477498,721.3468594697556,151.91511293167144,156252.89866447303,679902.9566180105,32671.07358230591,855148.9093562901,0,0.0,4800522.2184,1723975.8382210797
109,199.68954300588356,296.7459700426114,630.9377017091055,147.23208712580598,160322.32884904568,735612.0089475258,28576.283112317946,828787.5794458523,0,0.0,5673398.930639993,1753298.2003547417
109,282.9470028074727,278.417855886169,861.7507735750279,144.98307306051825,227166.23889321505,690177.9264799384,39030.21488687749,816127.601857429,0,0.0,6546275.642879989,1772501.98211746
109,164.2622413159113,305.565906552684,350.61407981958655,139.42457785311387,131879.23951007743,757475.9999362912,15879.931062843243,784838.146696954,0,0.0,7419152.355119989,1690073.317206166
109,307.8666034432768,334.21098690934843,951.3665755947312,135.7112004274154,247173.13734058422,828485.1027881461,43089.0728738316,763935.0871241874,0,13194.370866709389,8292029.067359985,1882682.4001267492
109,219.81802196807547,332.47823564792793,375.6286269902546,132.16239915157487,176482.63737012105,824189.7364981276,17012.88409440104,743958.4469993684,0,0.0,9164905.77959999,1761643.704962018
109,311.831880758099,360.16411455040827,1067.4477377818598,126.90286125552021,250356.691592225,892821.0476360918,48346.59377594385,714351.8594207368,0,5555.0093199225375,10037782.49183998,1905876.1924249975
109,241.56616482498964,330.63473196078724,449.2693620658093,127.3916931811158,193943.3058582025,819619.8228760319,20348.20307822122,717103.5546271224,0,0.0,10910659.208400017,1751014.886439578
109,317.8115831637996,328.1134171385754,418.4032145442666,122.58457539360302,255157.5429591787,813369.6639899985,18950.220729452278,690043.6956452992,0,0.0,11783535.911999984,1777521.1233239286
109,335.3493152486517,363.99652940267526,433.6366397706163,113.80262309784902,269237.84986083396,902321.3296051836,19640.16946901769,640609.0029224573,0,0.0,12656412.626399992,1831808.3518574927
109,241.91665632685937,371.1235783896212,1318.7066363175118,114.77506822449848,194224.7007323442,919988.7736564098,59726.55315956351,646083.0164910557,0,0.0,13529289.340799972,1820023.0440393733
109,211.6314927680359,402.58919287361476,536.190921904954,110.7212496736149,169910.01765862026,997989.7786237736,24285.034077223543,623263.5718313555,0,2212.8839546857635,14402166.055199977,1815448.402190973
109,400.1299325162141,428.56794314014263,470.80162974943397,100.99305787364911,321247.4807522638,1062389.2401253483,21323.4375200856,568502.3802210691,0,4393.667833218817,15275042.76959999,1973462.5386187667
109,264.72862537053265,396.1742707934314,691.9052016139408,98.70357270108748,212539.4704877454,982087.6461770618,31337.60888697271,555614.5857777073,0,0.0,16147919.47320002,1781579.3113294872
109,281.9315949630152,441.17239858455963,539.9624200030846,97.0039628411669,226351.0106749291,1093634.7825326328,24455.85188874091,546047.2722300683,0,0.0,17020796.187600024,1890488.9173263712
109,253.066053096087,449.93152993939736,737.7077653820538,90.55134685285782,203176.0821036358,1115348.041895994,33412.08791392274,509724.7009044667,0,0.0,17893672.902000017,1861660.9128180193
109,320.49515886695974,449.21909418694946,815.7479978973108,86.93385481256988,257312.07293554646,1113581.9646851427,36946.66790885114,489361.39199359686,0,0.0,18766549.61640001,1897202.0975231372
109,371.8754756570495,396.4501159290423,1254.1053945069777,84.33046046083908,298563.1666122254,982771.4465142189,56800.64879470396,474706.56406012946,0,0.0,19639426.33080004,1812841.8259812777
109,391.28162174257767,383.1100033434556,642.794122734323,77.85406098401585,314143.54447069444,949702.2627363888,29113.281365866067,438250.1125439985,0,0.0,20512303.04519994,1731209.201116948
109,352.5145596775536,368.3558190455327,1117.8733873808956,75.91613464914046,283019.10210208717,913127.6964492085,50630.46052722725,427341.28616260417,0,0.0,21385179.748799965,1674118.545241127
109,234.91076894703775,409.26900993140976,804.8343553424535,72.22541136467383,188599.96864332317,1014548.5667501327,36452.3697577192,406565.74954521004,0,0.0,22258056.46320001,1646166.6546963851
109,419.23975903153246,383.3829653063045,722.3841107422423,72.372536298827,336589.95610034355,950378.9158947407,32718.052524824172,407393.9339473556,0,0.0,23130933.177599974,1727080.858467264
109,162.47366327214095,421.8146794642874,706.7285302151257,72.7620108445229,130443.26548264886,1045648.3830925305,32008.983625915924,409586.3342065958,0,0.0,24003809.892000046,1617686.966407691
109,167.67069830519856,385.5668888017967,752.7364482295553,78.01487902182727,134615.7461597433,955792.7058433491,34092.76350945633,439155.3771156749,0,0.0,24876686.606399998,1563656.5926282238
109,172.43879430462525,328.3337236991836,1891.7343623179588,71.61337097444996,138443.8497414185,813915.7881769927,85679.99116943259,403120.4986937207,0,0.0,25749563.310000025,1441160.1277815644
109,177.93335014559906,331.9111645134848,1383.5803500000154,78.84236527350305,142855.1973520948,822784.0077653532,62664.798256847935,443813.39929643145,0,0.0,26622440.024399966,1472117.4026707273
109,240.3801380060323,324.2691508834455,1238.867298200938,66.76586171612524,192991.0948468975,803840.0032419208,56110.488493687546,375833.2711404265,0,0.0,27495316.738800038,1428774.8577229325
109,207.23690674811888,337.3628113044115,1439.9964045944137,76.68195071066285,166381.78951790184,836298.2497527678,65219.98103290083,431652.15923599584,0,0.0,28368193.453199968,1499552.1795395664
109,213.65500519262235,368.27897035665114,717.8552330170929,81.964669455499,171534.61061166797,912937.1940528153,32512.931652027433,461389.23467176605,0,0.0,29241070.167600065,1578373.9709882769
109,227.3451889866549,368.08311971376884,718.1574651803571,86.1955153550695,182525.8829396641,912451.6943345086,32526.620280618958,485205.1881134724,0,0.0,30113946.871200044,1612709.3856682642
109,181.6020014893624,291.64423672992575,859.5166263587084,86.52120582340113,145800.6030970015,722965.1774144125,38929.02641265064,487038.5399334905,0,0.0,30986823.585599966,1394733.346857555
109,226.64233729884518,303.48618577647227,1785.0197040338492,97.4565296075615,181961.59290359638,752320.5210665383,80846.69577576635,548594.8263820198,0,0.0,31859700.300000064,1563723.6361279208
109,222.43850685857475,339.378613682841,1157.4337952005064,97.45301498246418,178586.51438858968,841295.2794917894,52422.221284001884,548575.0421238195,0,0.0,32067422.98560002,1620879.0572882004
109,206.03714570065296,309.8519687807568,1494.621305668136,98.39054185489675,165418.55187262144,768100.84126308,67694.03930178638,553852.4965322793,0,0.0,31194546.271199916,1555065.928969767
109,199.99563585289,280.2616900697013,1253.3813847373806,104.94302120868748,160568.07791200315,694748.6593789213,56767.85711321773,590737.2110602804,0,0.0,30321669.567600068,1502821.8054644226
109,240.02787684073047,328.3657248522737,1233.9866846702091,107.17637632850723,192708.27918447394,813995.1167438132,55889.43688488668,603309.0425131402,0,0.0,29448792.853199966,1665901.875326314
109,170.90205189934977,252.30857788136512,1031.34120521328,108.74620258863294,137210.06394800023,625454.8960626248,46711.26513083529,612145.7881687826,0,0.0,28575916.138800047,1421522.013310243
109,164.9905686921533,212.7313626814929,4565.662283219025,107.2210640942499,132463.98290407774,527345.8138144446,206786.9104145753,603560.5954587224,0,0.0,27703039.424399957,1470157.30259182
109,296.6893026804105,236.15057691627513,726.9951133288853,117.50335340236381,238199.3530273208,585400.3687886768,32926.892977678086,661440.8702900641,0,0.0,26830162.710000016,1517967.4850837397
109,139.5224876366485,230.450047405793,1682.9679583136078,120.08049943764286,112016.7326140889,571269.1643626546,76224.59192952569,675947.9432125061,0,0.0,25957286.00640005,1435458.4321187753
109,130.67406978965587,242.2458074572977,1017.3168319450838,126.08404768770393,104912.7103678288,600510.0088037917,46076.07649034163,709742.6568471972,0,0.0,25084409.29199997,1461241.4525091592
109,121.80439516268176,216.57912922157217,863.7109141266221,129.74137658577314,97791.62194765106,536884.1515182467,39118.99311520425,730330.2123443771,0,0.0,24211532.577600036,1404124.978925479
109,113.55589229372657,210.55324855583356,1498.5448376065888,135.54076509194212,91169.24618594196,521946.4248776271,67871.74299451188,762975.6855976827,0,0.0,23338655.863199968,1443963.0996557637
109,106.02436628305973,215.36290437297544,1510.3000705223435,131.26461859323243,85122.5009651284,533869.2172157534,68404.15825982553,738904.7294956126,0,0.0,22465779.14880001,1426300.60593632
109,308.15808590816357,158.46594545721564,1447.4562586922766,143.96945701828574,247407.1563427106,392825.7306099644,65557.85100342195,810421.8321265989,0,0.0,21592902.434400044,1516212.5700826957
109,157.20822843960428,219.54108720396462,563.6682198736934,144.78101589228396,126215.86948560212,544226.6332427096,25529.529443072246,814990.1971337732,0,0.0,20720025.730800014,1510962.2293051572
109,194.41588494621286,209.1324231834076,623.7339941009866,154.67345370509713,156088.3307690609,518424.3005285625,28250.0144688206,870675.9498100526,0,0.0,19847149.01639996,1573438.5955764968
109,192.6598819769976,162.4691306810379,552.094891406918,157.13766114063202,154678.50989785919,402749.3401008097,25005.35295160162,884547.277423607,0,0.0,18974272.301999994,1466980.4803738776
109,190.79209207193995,122.93276485549873,1214.9697199175114,158.5623987537123,153178.94000114826,304741.52052626613,55028.12495624778,892567.3011884084,0,0.0,18101395.587599963,1405515.8866720707
109,209.9641886040516,149.6656427496915,1516.14835556539,160.42667224043075,168571.4093246736,371010.4104116864,68669.03742088839,903061.5266024801,0,0.0,17228518.873199955,1511312.3837597286
109,141.88839687967976,125.17459657766706,1187.0222863016127,163.16043493175036,113916.22156067376,310298.86082183855,53762.336316407,918450.2140003716,0,0.0,16355642.169600029,1396427.632699291
109,130.84361026514188,131.75576610622394,2740.006162136102,168.42520849792066,105048.82727938528,326613.108787635,124099.71952317556,948086.2738119017,0,0.0,15482765.455200013,1503847.9294020976
109,134.3353529103094,98.36718506918122,876.8485093978701,168.44429990556785,107852.2004765401,243845.2074441411,39714.01801365186,948193.7417004646,0,0.0,14609888.740800023,1339605.1676347977
109,157.10589576280344,109.92459256833841,2479.276098705339,178.96252560729866,126133.71088673355,272495.192977085,112290.79434988603,1007402.1315941287,0,0.0,13737012.026400018,1518321.8298078333
109,197.7884298440589,156.58841850513917,419.2748144182145,186.21754639673412,158796.00511210205,388171.4757505917,18989.697027494265,1048241.5385215582,0,0.0,12864135.312000005,1614198.716411746
109,136.72278998904633,145.13967946996146,955.1223152456291,185.30153586109822,109768.97321627433,359790.8715578079,43259.17695743525,1043085.2022269577,0,0.0,11991258.608399985,1555904.223958475
109,199.37709557801054,152.9465535106187,475.85466648718716,193.13054359564626,160071.47796058416,379143.5532330587,21552.298480531983,1087155.652469469,0,0.0,11118381.893999975,1647922.9821436438
109,163.91736115273153,140.02248969982642,687.369661571257,187.02553830062965,131602.3497435803,347105.72457355657,31132.186266045323,1052789.8246140403,0,0.0,10245505.179600004,1562630.0851972224
109,172.0422892193723,155.0121766507187,905.8195414681237,190.38056113856925,138125.5124979587,384264.08507246076,41026.167235758905,1071675.662009428,0,0.0,9372628.46736002,1635091.4268156062
109,170.53519276623524,187.33295244834997,419.9342669510943,198.63347334823993,136915.52819167005,464384.9736958987,19019.564797684034,1118132.3228308395,0,12957.434206449485,8499751.755120018,1738452.3895160924
109,124.38522198998247,166.36679327611478,816.4114128093179,201.97593696295164,99863.65917644452,412411.3665517584,36976.71514219144,1136947.4628095026,0,0.0,7626875.042880016,1686199.203679897
109,132.82956858942507,182.77837546507476,364.21686928027344,202.86033347845634,106643.26962600756,453094.50352003705,16496.025427933288,1141925.8398852088,0,0.0,6753998.329559992,1718159.6384591865
109,123.30376732628889,192.66162738915412,733.109322537649,196.52238742126312,98995.40474700298,477594.377273209,33203.81631398258,1106248.759746345,0,0.0,5881121.617319994,1716042.3580805394
109,138.4741040373868,191.68170118770354,707.2251067591293,196.2012252095315,111175.02955026936,475165.2103950004,32031.474454836025,1104440.8980412867,0,0.0,5008244.905079995,1722812.6124413926
109,111.75086150418588,202.15240165639835,344.95401828990697,192.05990438909666,89720.06294145495,501121.3270214819,15623.57687721267,1081128.8923129153,0,0.0,4135368.192839991,1687593.859153065
109,115.71527785319336,205.68382457248512,295.96778466781194,173.740880458649,92902.92595988241,509875.47153563617,13404.903818368366,978008.8469646941,0,90911.32091170922,3262491.4805999924,1594192.148278581
109,118.20963081011118,164.52890192991308,254.1458025432674,118.07402641833839,94905.5369579595,407855.3655209354,11510.712366071391,664653.2590892564,0,495240.3163598017,2389614.7683599945,1178924.8739342229
109,153.16874578338658,226.6769157732983,354.8852488719183,159.77171928760995,122972.73888876826,561915.8412499453,16073.379854585088,899374.7156428866,0,0.0,31431373.07760004,1600336.6756361853
109,153.48250271911837,205.14054891380673,818.1665990402533,165.55439223208865,123224.64112597043,508528.7300832238,37056.21062726736,931926.0949375804,0,0.0,32304249.791999947,1600735.676774042
109,145.78702430694614,175.49824229698396,318.7220819214872,154.40733534800415,117046.26542298905,435047.57474652823,14435.486138273309,869177.9367523913,0,0.0,31622873.493599948,1435707.2630601819
109,166.49513844000262,179.730824766528,362.2747620614623,160.5378493821323,133671.93862504367,445539.8435817555,16408.0639611056,903687.3564467707,0,0.0,30749996.779200025,1499307.2026146755
109,119.31389968894074,228.59696248505446,1821.3543326249767,150.98993443912147,95792.10796044942,566675.4995486081,82492.35529268597,849940.9655013568,0,0.0,29877120.075600047,1594900.9283031002
109,111.67858897281221,175.87098032023638,1291.0300849684622,153.94190161267488,89662.03836807354,435971.56561338477,58473.033256123534,866557.9528451714,0,0.0,29004243.36119995,1450664.5900827534
109,103.98534294918846,172.26922798228705,1286.3560421747873,155.93184886420656,83485.45495589318,427043.0794989148,58261.33760092757,877759.6113831819,0,0.0,28131366.646800034,1446549.4834389174
109,97.13171651222167,217.03922042900209,1323.5758233677636,154.89264471978996,77982.96676900034,538024.6846730795,59947.08724287779,871909.803068876,0,0.0,27258489.932399947,1547864.5417538336
109,90.87338576000002,277.8786603892763,455.7000558327024,146.95232250602422,72958.41643050709,688841.2994564014,20639.460559258678,827212.7498922552,0,25817.744068775035,26385613.218000006,1609651.9263384223
109,86.73259635849354,240.0285619969672,813.5932609449102,148.17591766020684,69633.95091203271,595013.616090626,36849.07606576175,834100.5179450857,0,0.0,25512736.51439998,1535597.1610135061
109,84.17934272600091,207.74250721587882,608.3840523168836,144.64031123599634,67584.05104075381,514978.79838073126,27554.788488518723,814198.1532676714,0,0.0,24639859.800000034,1424315.7911776751
109,82.22079004836574,258.34812530585305,591.605056259322,135.885575119699,66011.61153428075,640426.5016194701,26794.838115633236,764916.6637760951,0,0.0,23766983.085599974,1498149.615045479
109,382.5700194134228,303.25235425608594,1381.969293797024,132.54519479345814,307149.36564493726,751740.8694728134,62591.83067535482,746113.2508852071,0,17372.289168259944,22894106.37120001,1867595.3166783126
109,131.28467198717942,215.9945711493711,625.732150626734,134.39623381861202,105402.93717106423,535435.0739190578,28340.514507775013,756532.9778826669,0,0.0,22021229.65679995,1425711.5034805639
109,300.4136451211279,316.236267372458,820.7368965950105,122.76882833598341,241189.47080985067,783927.0602748758,37172.62394415852,691080.8781854797,0,7289.529597922345,21148352.942400057,1753370.0332143647
109,274.8499490816324,252.29604584391876,1896.1423835126323,125.59512728185538,220665.45527379282,625423.8300392486,85879.63823646134,706990.4635745537,0,0.0,20275476.23880003,1638959.3871240565
109,268.0518287091893,252.85909783206503,1865.8927865008548,126.33914535227777,215207.53056977308,626819.595596175,84509.58054946545,711178.6330672706,0,0.0,19402599.52440001,1637715.339782684
109,255.70200546201227,306.2191003667634,1363.7443083536264,121.86962446849006,205292.37730707487,759095.2206244039,61766.38888872892,686019.1486989489,0,0.0,18529722.81000002,1712173.1355191567
109,239.50649825164982,280.1940914209016,815.065248355235,104.40023961541984,192289.68626090267,694581.0871694704,36915.74497595885,587681.8265199005,0,0.0,17656846.0956,1511468.3449262325
109,135.24125532053264,284.11747630567965,1570.2216227882395,105.03559994756029,108579.5113909262,704306.877334545,71118.11121816258,591258.3482009431,0,0.0,16783969.3812,1475262.848144577
109,298.4527544126355,338.99798652449533,692.2663501033852,103.8403245116892,239615.15419681353,840351.7320239992,31353.96594005734,584529.9953357133,0,23786.639960629982,15911092.677599978,1695850.8474965834
109,213.68679468557494,323.67916734456884,633.6764806317846,101.89698227682646,171560.13305749247,802377.4762993756,28700.3272479981,573590.6821852411,0,0.0,15038215.963199966,1576228.6187901073
109,143.83020045338077,291.66402195707246,1602.3753126535332,93.08178508501985,115475.21391659284,723014.2235756351,72574.40863422654,523968.84984177543,0,0.0,14165339.248799982,1435032.69596823
109,137.48574016041826,359.5846000764347,1541.2883955865236,100.51292708845288,110381.51379515944,891384.472755723,69807.67424533694,565799.6648072734,0,9511.77844296163,13292462.534399979,1637373.325603493
109,148.96553660557453,342.46933639835714,1458.5206819953778,93.4685966446154,119598.15915923954,848956.9597684722,66058.97828100811,526146.2598237785,0,0.0,12419585.81999997,1560760.3570324983
109,221.00472851083967,346.3400544351056,1461.6859699265344,91.5613274033869,177435.39410305998,858552.1925888981,66202.33976314448,515410.00600406184,0,0.0,11546709.11640001,1617599.9324591644
109,243.72555575913404,372.8901306879562,775.6823308479107,88.16348625958736,195676.9899472454,924367.930296355,35132.02306897851,496283.139083369,0,12876.842341887532,10673832.399839997,1651460.0823959478
109,258.4521625088472,355.3764665667163,950.4022009567371,83.4911411942193,207500.36264177115,880952.8111410469,43045.394642831925,469981.93237865577,0,0.0,9800955.687600018,1601480.5008043058
109,278.7637305245479,366.9288124217386,1009.6752593204673,91.0648059791575,223807.66565741767,909590.2492206586,45729.97616672353,512615.02566137013,0,0.0,8928078.975360012,1691742.91670617
109,193.72849219270927,375.8869793119251,1017.9301145959082,84.48444589131701,155536.452060658,931796.9034226718,46103.85314501032,475573.3670423264,0,0.0,8055202.263120016,1609010.5756706665
109,268.73895418181183,373.797297244333,1237.7314384989904,89.62993281307352,215759.19468960684,926616.7312249423,56059.04340119933,504537.9476184949,0,0.0,7182325.549799989,1702972.9169342434
109,169.7440929765125,374.4840208288613,758.1510875261541,89.12965614361852,136280.38746907044,928319.0698128394,34338.00208859267,501721.8285372205,0,0.0,6309448.83755999,1600659.2879077229
109,245.62365983837142,378.58869531178954,773.5614451455964,82.79856810542952,197200.89781843644,938494.2639090859,35035.96440880647,466083.35303326516,0,0.0,5436572.125319991,1636814.479169594
109,275.86549615880307,404.60253935505233,838.5716965393377,81.77689915859234,221480.7952761636,1002980.7203700255,37980.39354023763,460332.252509093,0,20456.964706732426,4563695.413079994,1722774.1616955195
109,180.08582903523487,389.5273547927217,763.7219059038392,83.70444972914224,144583.33205154,965610.4174150828,34590.31429421425,471182.67243325314,0,0.0,3690818.7008399963,1615966.7361940902
109,167.98337044448908,309.5279703891198,553.8879486030379,71.32296070515767,134866.7774595435,767297.6724526201,25086.563679592833,401485.74346589245,0,328049.14822363283,2817941.9886,1328736.7570576489
109,143.5085992601999,219.16019735596214,385.7496923512434,49.580906968675016,115217.01385526129,543282.4345860721,17471.28502427167,279097.0411102444,0,691593.7585277841,1945065.276360005,955067.7745758495
109,106.03706895246377,126.30446875353127,220.03173523736248,28.77297606228085,85132.69940371862,313099.73303257837,9965.625992558615,161966.63138881422,0,1072252.213642921,1072188.5640119994,570164.6898176698
109,95.74859529416588,103.52084833701105,174.9646341947427,24.02895584749311,76872.5169606561,256620.7696172112,7924.457371699899,135261.95642691874,0,1169649.8359784486,880688.148336001,476679.70037648594
109,148.8227174544957,196.55653931778693,322.6553486854663,45.70593396596861,119483.49567430919,487249.5850190255,14613.630738444244,257284.34010175502,0,781473.7797443303,1753564.860360004,878631.051533534
109,185.20400053020526,279.93683439965986,461.8142319715372,72.54277260536169,148692.49651338806,693943.3654366889,20916.38239776767,408352.2151154147,0,406283.8485698929,2626441.5726000057,1271904.4594632592
109,196.8347172704241,329.49515523699876,614.9371196221542,110.76245178818151,158030.30942991382,816794.8937859569,27851.58848329194,623495.503616514,0,41136.41110944841,3499318.2848400064,1626172.2953156768
109,198.18527977035077,338.91314114384113,813.8768722458267,117.39820379449252,159114.61921391715,840141.4064013666,36861.921322602306,660848.9701771977,0,0.0,4372194.998160006,1696966.917115084
109,220.60081022439286,324.6765983119235,668.2040236401931,122.87478551721178,177111.10511239432,804850.0362386964,30264.140666515163,691677.324228387,0,0.0,5245071.710399999,1703902.606245993
109,185.55819713649967,307.6860953242391,786.6437322153113,125.93250429575667,148976.86605991898,762731.7960684769,35628.48430110029,708889.6004011137,0,0.0,6117948.422639994,1656226.7468306099
109,223.87357361057798,325.73722850048466,562.5688492657787,133.25256218994434,179738.6690796754,807479.2625215196,25479.737006113686,750095.1092134924,0,898.6889360814821,6990825.13487999,1762792.777820801
109,308.02942224495786,312.17035062551946,586.734538635823,134.26729016643728,247303.857703168,773847.9438306008,26574.24376830604,755807.1381594312,0,0.0,7863701.847119986,1803533.183461506
109,227.53549489457401,316.2433484454485,914.3548997346561,139.31889519939747,182678.67154287317,783944.6137477243,41412.7486900432,784243.2460032745,0,0.0,8736578.559359988,1792279.2799839152
109,198.24892693912176,280.84434931028596,794.0377515128713,141.77272952390783,159165.71884671922,696193.0299105135,35963.37249721325,798056.182095353,0,0.0,9609455.271599984,1689378.303349799
109,174.29501440093335,276.93948641716054,1499.4973211394167,147.65420468207049,139934.13072567488,686513.1544363355,67914.882656352,831163.7312380844,0,0.0,10482331.983840002,1725525.8990564467
109,175.46560877866125,267.69203134154475,515.9267390691359,150.91356036879762,140873.9516794912,663589.3755393588,23367.23343828963,849511.046438795,0,7621.901936006965,11355208.700399997,1677341.6070959347
109,186.18785655661995,277.677127407535,649.2310070206643,155.05200404797313,149482.39310503044,688341.7136269911,29404.819226465377,872806.8563841238,0,9211.402462300262,12228085.404000016,1740035.7823426109
109,184.64496639665808,262.61452412059606,463.95365986629906,158.8995086529954,148243.6715381426,651002.5987527649,21013.280866591922,894464.9343938341,0,10224.115570940194,13100962.118400028,1714724.4855513335
109,200.6132820157972,286.3250099335967,879.328413489451,164.20354166403035,161063.96001855415,709779.1951106485,39826.33725090848,924321.990463143,0,8259.569125524373,13973838.832800014,1834991.4828432542
109,215.18832601820594,267.84484271628867,954.2801381097613,166.14261211500164,172765.64936277102,663968.1839941097,43221.03326717853,935237.2572151674,0,0.0,14846715.547200022,1815192.1238392268
109,277.74071091186704,234.19799839171742,1028.4126573468266,172.12557280963205,222986.3262708159,580560.0664557709,46578.62602444958,968916.0809608732,0,9759.722760788747,15719592.26160004,1819041.0997119094
109,251.34111239244066,220.1657905315267,1025.4079259510434,176.23707681995188,201791.19981800232,545775.2280550272,46442.53643143622,992060.2441872167,0,9565.60308011307,16592468.965199972,1786069.2084916825
109,210.20023411727146,210.29460093622586,410.4539399233014,181.3903522133663,168760.92033173048,521305.255951081,18590.18403883936,1021068.6670310522,0,866.3842588422121,17465345.679599978,1729725.0273527028
109,279.35424647362095,252.47029759350227,415.5681715308241,183.9989949047083,224281.76605723234,625855.7876478231,18821.816623043236,1035753.0385155715,0,0.0,18338222.393999986,1904712.4088436703
109,235.77674098520174,224.14277669825583,619.3185821054196,189.2393051907317,189295.22114271176,555633.8919595245,28050.032659362936,1065251.3915056195,0,7153.33985500643,19211099.108399976,1838230.5372672188
109,156.4576702763396,196.48099460289353,1209.8699848298133,193.58489923900203,125613.27792842823,487062.3150807678,54797.148945036024,1089713.276430492,0,6188.77353167301,20083975.82280002,1757186.018384724
109,183.91366842602747,218.51203095866327,569.2980279434054,197.56130227179426,147656.5431789444,541675.6765041314,25784.513396055732,1112096.9395896853,0,7481.812967498554,20956852.5372,1827213.672668817
109,221.23956837624917,210.66707630666008,504.28990896152743,198.87364764435077,177623.93714623747,522228.5957204104,22840.18084532494,1119484.2935690437,0,0.0,21829729.240800027,1842177.0072810166
109,257.59227780201945,207.47764668306692,296.1005629818612,197.53202143969074,206809.99740448757,514322.2280872755,13410.917582775168,1111932.1141739965,0,0.0,22702605.95519997,1846475.2572485348
109,137.09114277801552,211.816231629179,674.1837382039828,195.1748490300234,110064.70816602,525077.2694707885,30534.972502753233,1098663.299923775,0,0.0,23575482.66960004,1764340.250063337
109,138.60684854673764,193.29888331583797,612.0388924218953,192.06055764670026,111281.60452941297,479174.0890798236,27720.32265344206,1081132.569580545,0,0.0,24448359.38399999,1699308.5858432236
109,141.23478957283083,137.11309258266795,250.075868801324,186.95500432209397,113391.46776531011,339893.5374699819,11326.377877035306,1052392.7801485271,0,0.0,25321236.098400068,1517004.1632608543
109,142.92509637580872,204.8433555919889,236.4542703487962,181.2399638220107,114748.54394988935,507792.0091212616,10709.431619477198,1020222.1122257682,0,0.0,26194112.80200003,1653472.0969163962
109,145.5469497584777,154.33037521686475,321.7467173305615,179.4132882412036,116853.51967311915,382573.94814359676,14572.477219210647,1009939.5300617567,0,0.0,27066989.516399957,1523939.4750976833
109,147.13846608853524,160.1919340013701,350.45637400982326,176.68054654672034,118131.28114522887,397104.3326081771,15872.788288119136,994556.5899809966,0,0.0,27939866.23080005,1525664.9920225218
109,149.1342033767845,99.40463407451179,514.2065777432806,172.38501101308663,119733.57461040834,246416.9692338033,23289.32429303908,970376.4906097099,0,0.0,28812742.945199985,1359816.3587469605
109,149.72931269745715,171.98288233501256,326.7933343482057,165.4510287606564,120211.36283493845,426333.24914531404,14801.04741919234,931344.2492070484,0,0.0,29685619.65960008,1492689.9086064934
109,152.36187566978765,123.92775773518176,341.4294614010473,168.6902335858877,122324.9368369249,307208.036620847,15463.943469304577,949578.132722799,0,0.0,30558496.363199934,1394575.0496498756
109,200.66516007759793,223.6399637502012,1768.4404682546765,137.67713468999406,161105.61073074903,554387.4546691034,80095.7928987816,775001.5735853892,0,0.0,17859233.50559999,1570590.4318840231
109,241.63645626499945,276.27086939115395,1388.760321213347,133.29468440334276,193999.73989671495,684855.7007103538,62899.40830393316,750332.220348469,0,0.0,18732110.219999988,1692087.0692594708
109,268.3473272424876,235.758357313099,1943.9988213690874,132.54839797772522,215444.7739041848,584428.0844803185,88047.14084920523,746131.282004558,0,0.0,19604986.93440003,1634051.2812382665
109,262.35207654692107,262.0758814511022,1485.1729438808554,130.77982859292976,210631.4394697484,649667.34214876,67266.10630515366,736175.7867852706,0,0.0,20477863.64880001,1663740.6747089326
109,288.3785069255633,194.59199303320344,833.7104665282609,128.0236781753427,231526.96492952935,482379.6154660596,37760.219845284344,720661.0761147031,0,0.0,21350740.36319998,1472327.8763555763
109,148.32676663214212,249.53197790596815,2046.676039690623,110.04865162722731,119085.31763435053,618571.9035635113,92697.57345450588,619477.4344635596,0,0.0,22223617.066799987,1449832.2291159274
109,139.69045266555253,253.36769159946203,1230.3961159824019,110.02973347199111,112151.58466589765,628080.3631237656,55726.81368598913,619370.9418341888,0,0.0,23096493.781200044,1415329.703309841
109,134.01732700334276,167.12872075757826,2236.3526237959913,108.22131754175794,107596.8708620208,414300.1302146017,101288.3610274942,609191.1454955782,0,0.0,23969370.495600004,1232376.507599695
109,149.60524271696713,256.3613021500898,781.737660639088,107.9786696456841,120111.75226989333,635501.309298157,35406.27965244531,607825.2505580649,0,20105.30515786924,24842247.210000012,1398844.5917785605
109,141.23044929080743,232.52783938384482,953.5502196502019,98.7891001455204,113387.98313556245,576419.8618798956,43187.97397068574,556096.0303121937,0,0.0,25715123.92439996,1289091.8492983375
109,127.2844131708765,232.20128959807212,916.0093335293384,106.97041339228831,102191.29774430809,575610.3683460857,41487.680919293976,602149.6517397242,0,0.0,26588000.63880004,1321438.9987494121
109,122.57486148784261,212.99606128331047,1011.0276290980645,106.20356183799876,98410.19693004718,528001.9826925617,45791.22738302028,597832.9497498187,0,0.0,27460877.34240006,1270036.356755448
109,155.24797999471716,144.2942827209202,998.202043313643,101.98681039564923,124642.06851897982,357695.19355810113,45210.33394542075,574096.3357463544,0,0.0,28333754.056799997,1101643.931768856
109,132.76970768377853,195.6357074812418,2205.5011805021445,102.63193484821262,106595.20982449867,484966.90883950895,99891.0446591738,577727.8208656578,0,0.0,29206630.771199923,1269180.9841888393
109,137.05139977205508,116.0429108721555,766.556102066496,96.43521744774742,110032.8001793767,287662.0659027899,34718.680045255176,542845.7342560102,0,0.0,30079507.48560002,975259.2803834318
109,148.9204612212063,145.62689122194274,858.5070226294373,95.57960565374034,119561.97003042036,360998.6346004074,38883.29967620621,538029.3899281971,0,0.0,30952384.19999994,1057473.2942352311
109,144.20633303343564,139.40627521864465,2239.1154182266478,94.89433785106735,115777.1949331382,345578.1730035063,101413.49286795597,534171.9329394618,0,0.0,31825260.90359996,1096940.7937440623
109,149.5460897747835,136.34311638170342,582.9030326906346,93.18857155902101,120064.26086244958,337984.82160788623,26400.708095386763,524569.9640759937,0,0.0,32101862.381999936,1009019.7546417164
109,144.06829946441505,138.32754895950907,699.8289070719542,100.1160241591075,115666.37359061015,342904.08785763825,31696.48750502557,563565.4492601824,0,0.0,31228985.66760007,1053832.3982134564
109,136.18105632431582,200.68485473579486,832.3708999207269,92.4562443453211,109334.03805923928,497483.3833003426,37699.54850717758,520447.6038578297,0,0.0,30356108.953199964,1164964.5737245893
109,444.35178205417,125.41952659481899,660.1683527742763,98.50829624456327,356751.3423827563,310906.0247942518,29900.19093734251,554515.3505166655,0,0.0,29483232.23880004,1252072.908631016
109,396.16945626492105,201.88677647754668,569.5992866452007,100.71984763184876,318067.7810724466,500462.8612252519,25798.15793485763,566964.446069609,0,0.0,28610355.535200022,1411293.246302165
109,271.274246655066,184.47582548044485,493.8685343284381,103.3412642786596,217794.67430214517,457302.36054911517,22368.17837800053,581720.7237251243,0,0.0,27737478.820799932,1279185.9369543851
109,331.88030649978015,244.98870486916874,740.4191181493848,107.92931350557748,266452.7287521116,607309.4550614568,33534.88987057668,607547.418757346,0,0.0,26864602.106399998,1514844.4924414912
109,326.002160243695,252.94416514212486,1689.4678545646543,106.19663629045598,261733.41254303453,627030.4713659112,76518.98371332217,597793.964988437,0,0.0,25991725.392000057,1563076.832610705
109,304.8913983440891,160.4050636801659,1660.6068157040074,111.21630313303145,244784.47039726176,397632.6658191145,75211.81627799002,626050.2888190427,0,0.0,25118848.677599974,1343679.241313409
109,256.34605901932315,191.31070669975753,487.0500346415239,116.91071122788449,205809.460799066,474245.5416273092,22059.356481755145,658104.8143877625,0,0.0,24245971.973999962,1360219.1732958928
109,281.6536156580901,187.39027245368877,925.5659000421123,116.80094704557149,226127.83279156784,464527.0658842917,41920.51469909659,657486.9382661579,0,0.0,23373095.259600006,1390062.3516411139
109,313.9670409376523,203.4220945208193,448.1610445272767,122.25926778616554,252070.9218283153,504268.80470621306,20298.005418969507,688212.49899648,0,0.0,22500218.545199938,1464850.2309499779
109,215.84809565045674,194.1091051503499,515.7937247088356,125.4759716975588,173295.3506298184,481182.5709853837,23361.208982931123,706319.7220927582,0,0.0,21627341.83080005,1384158.8526908914
109,176.73926605447267,218.94998267936487,861.6261257828045,134.2860010344205,141896.51749610787,542761.3274568337,39024.569368167395,755912.4639432862,0,60.3988658945309,20754465.1164,1479594.878264395
109,238.70234623095655,286.00184702273083,282.93655609043935,139.2929416922959,191644.0664514447,708978.0973971894,12814.696455391639,784097.1505104458,0,652.9344804494176,19881588.412799995,1697534.0108144716
109,230.37463804453097,239.59537309769604,357.9862512425928,142.05603955189918,184958.10007420843,593939.7718311711,16213.82973012164,799650.9691890865,0,1831.7627467928687,19008711.698400017,1594762.6708245878
109,274.58708576374335,253.52432368861335,381.31425362859034,142.5427292810725,220454.41338016838,628468.6428559206,17270.39616896546,802390.6057075721,0,0.0,18135834.983999986,1668584.0581126264
109,196.52934183231253,235.69214421549032,257.2212639995973,149.0744952131797,157785.1363443612,584263.9469530471,11650.005448477212,839158.7218299248,0,5174.898269556463,17262958.269599993,1592857.8105758103
109,194.9425610693656,298.69421737475557,999.0090079930366,151.51785136253676,156511.17685975754,740441.5745646071,45246.882801318134,852912.6749815872,0,0.0,16390081.555199984,1795112.30920727
109,248.8576622740303,295.571768944471,287.62639323892625,153.8779586645838,199797.34225004617,732701.2485129782,13027.107464819028,866198.0101030316,0,0.0,15517204.84079997,1811723.708330875
109,384.4231467533865,290.3971705431128,914.7627734170895,158.75013519067653,308637.16358530347,719873.7896431134,41431.22200966209,893624.0927492888,0,0.0,14644328.137199977,1963566.2679873677
109,319.2057287001397,291.62997421329027,316.0510397400152,161.6457772110373,256276.84372864346,722929.8216570508,14314.509919264798,909924.0188580988,0,0.0,13771451.422799967,1903445.194163058
109,270.7785676630139,327.98623494294543,339.7079164152021,169.78995707465768,217396.71450329383,813054.3884348957,15385.97165564874,955768.611891505,0,7302.856432631379,12898574.708400028,2001605.6864853431
109,264.02047333919955,305.9230454795267,244.39589614504888,173.2703106936723,211970.92502896208,758361.3217602419,11069.121881306624,975359.9517130619,0,7154.990868259571,12025697.994000012,1956761.3203835725
109,200.56075467166377,336.414722865171,435.3552404981507,176.14178265983992,161021.7880249036,833948.0064070891,19718.007932013363,991523.8216054528,0,15297.333820068045,11152821.279600004,2006211.623969459
109,178.32280735440781,305.09263225498563,286.5855864457845,181.3104677236373,143167.8761522132,756302.7868447601,12979.967486489193,1020618.9873846502,0,4837.145812479546,10279944.571679996,1933069.6178681126
109,246.3483687622149,335.92431233521194,328.0937091197153,186.3801970931942,197782.73610931204,832732.3138229559,14859.943689810048,1049157.1193548255,0,732.8702516022604,9407067.859440006,2094532.1129769036
109,186.60542385646553,334.5426341858014,455.1091410930179,187.51754048023503,149817.64031404667,829307.2326363071,20612.69698680022,1055559.3655712965,0,16096.824520441936,8534191.147199998,2055296.9355084505
109,206.17461730064653,331.0360991032295,373.7365861843482,193.55893998778112,165528.92203387182,820614.7832791507,16927.190223860132,1089567.148603307,0,3281.3983594297897,7661314.434959997,2092638.0441401897
109,194.92508087745236,368.0776770669674,434.8303289847637,194.6101689956174,156497.1427494377,912438.2024028506,19694.233762273892,1095484.6463570641,0,564.4728886495577,6788437.722719998,2184114.2252716264
109,210.77867884552063,361.9112145687716,354.002080479637,200.66090569177047,169225.32925644133,897151.983467018,16033.379597911066,1129544.9895754815,0,10327.465388574172,5915561.010479999,2211955.681896852
109,189.23233110379743,352.2333225162599,408.2658569221174,201.03716845319852,151926.67357248964,873161.1821290819,18491.081894292114,1131663.01907141,0,2662.1733814638574,5042684.298239999,2175241.956667274
109,146.81334398442496,377.89463720305366,380.7191597297767,193.442881211436,117870.25429271247,936773.7435609234,17243.443315007225,1088913.8394354603,0,12238.67262095958,4169807.5859999997,2160801.2806041036
109,136.45765468227756,333.45380523921324,302.19516568483346,159.8097047132435,109556.10723840976,826608.1036517251,13686.952905795903,899588.5402892637,0,302343.7280261195,3296930.87376,1849439.7040851945
109,122.27869948533542,246.75789295767962,225.7255578087485,115.87216416942113,98172.42092413409,611695.1456364918,10223.509275409653,652258.7048913387,0,761460.7885692356,2424054.1604399965,1372349.7807273744
109,107.97603989918481,158.0881469685871,163.35150041359032,73.606540747134,86689.41756266497,391889.1952118343,7398.478027221863,414340.2972007943,0,1218773.364132911,1551177.4481999995,900317.3880025153
109,77.90139364398776,69.13711757011288,81.45795916545283,33.866540399919515,62543.7499710357,171385.96335879143,3689.3748726032445,190638.93333435492,0,1677064.7537556281,678300.7362839999,428258.0215367853
109,101.63385165880395,126.5545077852416,153.84858496463855,61.295305540754,81597.5415766153,313719.5618862114,6968.074198878652,345038.8356385079,0,1321212.3409995155,1274575.976280003,747324.0133002133
109,112.73220432893835,208.95894062648816,248.17233069248815,102.8551569637317,90507.94178926713,517994.24969351816,11240.163273333816,578984.3656882667,0,831924.2553263054,2147452.6885200036,1198726.720444386
109,116.11918210749872,288.8999110187747,352.68365647462133,138.23835221249362,93227.20368473236,716162.1905051166,15973.665845622454,778160.7362454796,0,393569.61269762774,3020329.4007600034,1603523.7962809508
109,114.94046278810735,362.1917034513004,495.6173388832471,166.94473020383197,92280.85955724533,897847.2953202331,22447.384825690948,939752.478878115,0,181.5594280459918,3893206.1130000027,1952328.0185812844
109,115.33044187872645,363.7541163392328,595.3421748545076,159.89315988706872,92593.95735430246,901720.4049807701,26964.098818728082,900058.3197568858,0,0.0,4766082.825239996,1921336.7809106866
109,127.7532433373114,368.90137662757115,691.9793195673928,157.8196050933477,102567.70175117847,914480.0946262158,31340.965820019846,888386.024050937,0,11552.62992132944,5638959.537479989,1936774.786248351
109,131.44313552418552,331.59754641472057,598.6463951213576,149.995230129505,105530.16087496007,822006.570957564,27113.752791783096,844341.6522461764,0,0.0,6511836.249719983,1798992.1368704834
109,148.79620565910304,323.6378358329387,1007.9622852422109,154.81245239424058,119462.21046970939,802275.0184419069,45652.39254461358,871458.3905766697,0,0.0,7384712.961959979,1838848.0120328995
109,131.50174746404932,317.7331741660043,781.5667626957785,144.4612323960403,105577.21793441284,787637.7850184997,35398.53938268794,813190.0963882608,0,0.0,8257589.674200024,1741803.6387238614
109,186.62854819888187,327.8088888267739,833.8063932154462,150.61018047252858,149836.20587523474,812614.7601131455,37764.56453440913,847803.2835809168,0,0.0,9130466.38644002,1848018.814103706
109,118.06371493073948,340.96351670028787,923.3143119347166,140.5892038223587,94788.38724022872,845224.1405728133,41818.53629610216,791393.9699339462,0,19923.087658723467,10003343.099759988,1773225.0340430904
109,168.69409458464682,292.3255329737755,649.7919175093953,140.10803794918908,135437.38795623818,724654.0620134342,29430.223853393243,788685.4278822707,0,0.0,10876219.812000005,1678207.1017053362
109,193.04158656941456,308.9018275892855,690.9805614141555,137.12597178276002,154984.96444859577,765745.5092916243,31295.73029887357,771899.009594861,0,0.0,11749096.526400017,1723925.2136339545
109,141.3484008628686,303.70510154592876,1377.6822669925753,143.27454842284376,113482.68148801297,752863.1975818658,62397.66365800561,806510.1059261793,0,0.0,12621973.240800021,1735253.6486540637
109,150.21702037952195,284.3326218419705,829.7212885488174,143.62737628102886,120602.92280452531,704840.2077118515,37579.54292739339,808496.217461068,0,0.0,13494849.944400022,1671518.8909048382
109,177.54734916110186,260.97681735729026,707.8968166026092,143.56764824641664,142545.29340899855,646942.840967177,32061.89738027639,808160.0009868083,0,0.0,14367726.65880003,1629710.0327432603
109,206.32045612451236,254.90267823417776,1190.185991196957,138.64961393140203,165646.00988698032,631885.4850666472,53905.626100054884,780475.7791901713,0,0.0,15240603.373199956,1631912.9002438537
109,165.4380566783525,305.44989496117614,1692.876891478808,138.01962129647669,132823.25217276104,757188.4155088497,76673.38501750055,776929.4729388558,0,23585.355470473412,16113480.087599967,1743614.525637967
109,226.97143794777668,242.45916319454764,1194.9379503031128,145.1063427880932,182225.81396228683,601038.9023974482,54120.850722688505,816821.5023592163,0,0.0,16986356.801999975,1654207.0694416398
109,369.5507434313511,381.12749060304486,4312.074546521392,107.30706066356959,296696.7369596551,944787.755626054,195301.47383652066,604044.6807550628,0,0.0,23165022.697199967,2040830.6471772925
109,438.32947324133846,387.91837307925,1529.352459097439,105.22170631425814,351916.28412488435,961621.8669709545,69267.07459595984,592305.9638952257,0,0.0,22292145.99359996,1975111.1895870243
109,363.80918688807526,430.9831942300158,1000.4925856040454,92.04644790632642,292087.08288172807,1068376.4746144272,45314.07665217923,518140.809154514,0,0.0,21419269.279199988,1923918.4433028484
109,332.6849253685526,376.23188177623115,804.0263270488117,94.74530923289831,267098.7233742421,932651.8919322806,36415.77272885356,533333.0324651722,0,0.0,20546392.564800013,1769499.4205005486
109,292.03287144574347,383.3615870008952,1094.6987166906476,85.5855905864968,234460.90038513482,950325.9206065899,49580.83875175663,481771.8463572185,0,0.0,19673515.850400034,1716139.5061006998
109,324.52803143982567,428.9835990319601,762.4950007851193,79.14026904749826,260549.89657468544,1063419.621314912,34534.7455939614,445490.33638655307,0,6011.193823439884,18800639.136000004,1803994.5998701118
109,238.5007400563053,337.9896128649026,884.6212603499257,72.32902003588877,191482.20533972146,837852.0459342564,40066.05963545668,407148.97553556407,0,0.0,17927762.43240001,1476549.2864449986
109,315.6409334113228,406.01423048045643,683.7593836439434,70.3025463317026,253414.8196387972,1006480.2015748513,30968.67040087258,395741.7050900393,0,5207.766089656157,17054885.718000006,1686605.3967045601
109,257.43556865406896,378.4851969139499,554.1354566401324,70.66539845792299,206684.18222571965,938237.6987926438,25097.773755835588,397784.2444661877,0,44195.906394391204,16182009.003599996,1567803.8992403867
109,241.93309441173366,336.34083099539765,582.3294358456899,70.9034136110788,194237.8981787863,833764.8337535193,26374.72888097451,399124.06112236873,0,0.0,15309132.289199982,1453501.521935649
109,239.74505424094397,332.6893890717056,784.2355011545072,66.73637691159783,192481.21282352996,824713.1707143999,35519.41126202369,375667.2975388038,0,0.0,14436255.574799977,1428381.0923387571
109,213.38026212184712,313.96612912786037,702.667057450982,73.31699232105701,171314.03096448773,778299.5501373084,31825.032349511377,412710.39339473296,0,0.0,13563378.871199979,1394149.0068460405
109,192.32758633342263,292.45052440046,677.4999165899122,80.33043335216118,154411.72371245155,724963.9068092081,30685.168080146326,452189.91806375625,0,0.0,12690502.156799978,1362250.7166655622
109,173.18697519602532,297.9115295083603,677.8356220520866,75.27668010858737,139044.5326870752,738501.3473942255,30700.37277357875,423741.717677388,0,0.0,11817625.442400027,1331987.9705322674
109,187.7688943025162,291.78607689282444,753.910370984776,84.74994578206211,150751.74176297625,723316.7890206774,34145.932544868716,477067.8986766281,0,0.0,10944748.72800001,1385282.3620051504
109,286.62977185610976,272.83135705266426,718.8736863585822,84.64604732770448,230122.9791491296,676329.3959360955,32559.059203042765,476483.0414612192,0,0.0,10071872.01684002,1415494.475749487
109,197.58298696312028,249.59757067726454,837.1335614332957,93.3932776576879,158631.06367039337,618734.5033462779,37915.257860704296,525722.279955799,0,0.0,9198995.304600012,1341003.1048331745
109,206.22557922933234,257.7783234503908,475.2879656086256,92.02209838632974,165569.83722135014,639014.0036248439,21526.631596619503,518003.7427029499,0,0.0,8326118.592360018,1344114.2151457635
109,150.8521432371781,234.46773948556103,903.2396135119529,98.90818655845626,121112.8362136701,581228.7353105139,40909.31774097485,556766.3824198676,0,0.0,7453241.880120016,1300017.2716850264
109,259.30666501794474,267.9467985055985,434.33230000015425,103.89810454136925,208186.40673904185,664220.9250944767,19671.677149752897,584855.2462499241,0,5380.871428022394,6580365.167880014,1476934.2552331956
109,178.54840653991428,223.62858851157662,542.2196024347495,105.03315754001197,143349.0002424505,554359.256267165,24558.08366856431,591244.5995875837,0,0.0,5707488.455640008,1313510.9397657635
109,186.93920263579975,243.23837655173455,574.5191678984637,106.63379607608188,150085.617246728,602970.5165083212,26020.988048181644,600254.7913451969,0,9874.101638207561,4834611.743400002,1379331.9131484278
109,144.39332783905388,226.45810655257344,455.3101700334549,111.67571371803383,115927.32519167913,561373.4288612934,20621.80194264631,628636.3676701194,0,22414.25997785793,3961735.031159996,1326558.9236657382
109,191.8710999906372,214.06974193229965,511.77136906815053,115.370259205813,154045.2300420194,530663.5601322068,23179.029390151547,649433.419941427,0,25163.66306175117,3088858.3189199967,1357321.2395058046
109,121.72577167811319,167.97401723817092,318.49295869476623,97.79065634356658,97728.49846127056,416395.5596560049,14425.10874257061,550475.6669933817,0,225359.40651209408,2215981.606679998,1079024.8338532278
109,105.3896639353206,102.57065353411008,236.6456340937931,59.58246910303197,84612.9251656961,254265.30474686058,10718.098821547468,335397.0680529319,0,606807.5292946958,1343104.8933599985,684993.3967870361
109,72.80474154972512,50.36484458970863,128.521122752832,29.818044624539493,58451.86253023226,124850.84297402731,5820.948692318243,167849.45123452626,0,923243.7525695488,609771.8185559997,356973.1054311041
109,103.85053831945594,110.56157429714993,253.29411843860265,69.07945291606931,83377.22599280864,274074.2250668102,11472.138088403037,388856.7613853922,0,534977.1828118563,1482648.5311200013,757780.3505334142
109,108.0461363774125,164.16413786161482,316.4432184508095,118.27584482022414,86745.69507456876,406951.1415173736,14332.272385891732,665789.3197676844,0,131021.16700406774,2355525.2433600044,1173818.4287455184
109,106.61962839224071,169.58706237272295,501.0642529050854,140.21607219988533,85600.41185712077,420394.18302999873,22694.08518414927,789293.5660054182,0,0.0,3228401.955600005,1317982.2460766868
109,107.09335641749014,157.15837279871846,381.9634455345035,145.23004294541389,85980.74814867515,389584.35162839363,17299.799217233693,817517.8258031358,0,0.0,4101278.667840005,1310382.7247974381
109,109.75663606170542,156.35299147972944,370.1847862738175,149.3044690310412,88118.98327360742,387587.8690141723,16766.322931373583,840453.272817839,0,0.0,4974155.380080004,1332926.4480369925
109,113.5414361633203,140.7018034568402,398.79760397729495,153.1592170046171,91157.63996731883,348789.69472968316,18062.247991995006,862152.1246426041,0,0.0,5847032.0923200045,1320161.707331601
109,118.3191675830518,132.63530779597426,449.1448239446434,156.80495743933665,94993.47942238755,328793.4296501472,20342.562526707068,882674.4472501568,0,0.0,6719908.804560005,1326803.9188493986
109,121.76400785921844,149.4441366358993,386.17391838924516,159.29286847680083,97759.19668166213,370461.31261825236,17490.498970961995,896679.2053628003,0,0.0,7592785.516800004,1382390.2136336768
109,122.24478984933799,110.88380407152445,393.57917658918063,165.98249579808726,98145.19630469885,274873.0096017318,17825.896196817957,934335.9427169774,0,112.53335522534326,8465662.229040002,1325180.044820226
109,118.13492716477266,116.7512941947872,400.1278478465115,168.6734349824644,94845.56054550494,289418.09743033245,18122.49708681401,949483.5713120288,0,0.0,9338538.941279992,1351869.7263746802
109,118.63778086749114,120.74599330856533,436.88479156366833,172.90401596623883,95249.28061755607,299320.6704620918,19787.284001844946,973298.0335100417,0,0.0,10211415.654599998,1387655.2685915343
109,127.3278194253362,113.98700933878247,442.61276272222756,177.55931125209446,102226.14679897987,282565.63323027315,20046.71393453527,999503.2649027964,0,3368.517456446658,11084292.36359999,1404341.7588665846
109,121.05449621764228,125.48295409635412,509.8746755080885,180.95323997310012,97189.55964904271,311063.257028341,23093.124788155466,1018608.1083129869,0,0.0,11957169.078000002,1449954.0497785262
109,116.95651208005789,159.9907342956472,529.0477523957222,184.8097201119416,93899.46067523406,396605.5729461496,23961.507311170182,1040316.7107096937,0,0.0,12830045.792400014,1554783.2516422477
109,157.73032520922416,166.08433606168128,672.8396203598475,189.88360222075553,126635.03900609902,411711.1753447091,30474.095031100667,1068878.2189613855,0,7355.746040978236,13702922.50680002,1637698.5283432943
109,119.4509133370567,188.9568348595784,675.7624233494864,194.16256517810797,95902.11045141314,468410.4619026864,30606.473941866665,1092965.0292565648,0,0.0,14575799.21040002,1687884.075552531
109,120.66261397642731,158.4942706307348,1379.7779909779135,197.91518864330348,96874.9338924786,392895.94668667554,62492.58269956562,1114089.0096266426,0,7077.867333169561,15448675.924800033,1666352.4729053623
109,116.38500805867393,211.54907640670206,1410.5752163755706,202.2242486308472,93440.62415192061,524415.0108059822,63887.44344358733,1138345.2398172242,0,5526.132504783571,16321552.639200049,1820088.3182187143
109,111.70781852011271,208.93341556932103,736.9994054330132,196.34610570943266,89685.50554128592,517930.9749047198,33380.005040456184,1105256.448246178,0,0.0,17194429.353599966,1746252.93373264
109,107.48132406310259,230.31688582981505,600.0782872014775,192.47292620481622,86292.23104120116,570939.0663518688,27178.605713643607,1083453.8430596641,0,0.0,18067306.067999966,1767863.7461663778
109,105.4164107973398,190.84679455718424,1494.5749711243348,189.30857812367358,84634.39909539603,473095.5366478836,67691.94072844394,1065641.337389936,0,0.0,18940182.7824,1691063.2138616596
109,104.85945927490903,203.56564447125396,1522.6640529392557,185.55998355832935,84187.24616095574,504624.6547533372,68964.14486545131,1044540.0361940842,0,0.0,19813059.486000013,1702316.0819738284
109,129.85355903923278,220.5742688569175,1554.65726788514,182.932384169586,104253.95682283402,546787.8165714242,70413.17408892344,1029748.9551215922,0,0.0,20685936.2004,1751203.9026047739
109,102.21150667657092,230.51396168457956,734.7310438080102,180.99112551317413,82061.31647602006,571427.6032826906,33277.266935217565,1018821.3706912285,0,0.0,21558812.914799966,1705587.5573851569
109,100.01031730771213,266.0865453939157,1693.4707243879338,176.0887396491166,80294.07418310338,659609.4908484131,76700.2807590082,991225.2359552586,0,0.0,22431689.629200023,1807829.0817457833
109,102.91781677714576,239.34932741509957,1697.3564043420233,176.27089349563238,82628.38312612716,593329.8422040167,76876.27006849332,992250.6024258947,0,0.0,23304566.343599975,1745085.097824532
109,113.15826848821216,248.85515655725942,537.5824479071682,169.91843954285724,90850.01076907282,616894.1119090848,24348.058748105803,956491.8555532575,0,0.0,24177443.047199983,1688584.036979521
109,206.70176660729254,314.89464558445405,1721.442046365329,173.74500766234465,165952.1480236782,780601.2759396088,77967.15134494184,978032.0795033857,0,0.0,25050319.76160006,2002552.6548116147
109,323.2692935937084,320.2134575575189,1304.6575590245768,174.71168957044645,259539.30894018922,793786.2299262073,59090.24563014781,983473.6512038888,0,0.0,25923196.47599994,2095889.4357004333
109,121.74375719825522,326.6879473897234,830.7314768335671,170.87336250083925,97742.93827835526,809836.0265643701,37625.296139388105,961867.2346730749,0,0.0,26796073.190400027,1907071.4956551883
109,420.55520505890536,280.9465315716576,808.9336781701662,157.87860885739437,337646.0723466381,696446.3324189035,36638.03533036795,888718.1635168447,0,0.0,27668949.90479996,1959448.603612754
109,479.9601447581536,363.86012717741056,585.7131118609773,164.31225875314527,385339.79798874643,901983.1982568877,26527.981545241186,924933.9723679771,0,0.0,28541826.60839998,2238784.9501588526
109,125.6745955987405,274.3708161963223,724.5796601318744,158.22131830416978,100898.84297526014,680145.6049083567,32817.49283529421,890647.3172658066,0,0.0,29414703.322800077,1704509.2579847176
109,136.41386461958953,367.38958808799697,1979.7858200897344,151.03744255078476,109520.95004026654,910732.4790999112,89667.99724185883,850208.3945220147,0,0.0,30287580.037200004,1960129.820904051
109,147.62720184896372,389.7327448775555,807.0033747920501,146.11459137408718,118523.66651566059,966119.5647268418,36550.60848033777,822497.0580168064,0,0.0,31160456.751599927,1943690.8977396465
